{
    "latent_dim": 98,
    "num_layers_generator": 4,
    "num_neurons_generator": 42,
    "num_layers_discriminator": 5,
    "num_neurons_discriminator": 323,
    "dropout_discriminator": 0.2852963168485004,
    "batch_size": 2,
    "g_lr": 0.0009637995233345069,
    "d_lr": 0.0006354530198068388,
    "optimizer": "RMSprop",
    "n_critic": 4,
    "weight_clip": 0.009747614968326436,
    "lambda_gp": -1
}