{
    "latent_dim": 36,
    "num_layers_generator": 4,
    "num_neurons_generator": 32,
    "num_layers_discriminator": 6,
    "num_neurons_discriminator": 230,
    "dropout_discriminator": 0.2231293815439545,
    "batch_size": 64,
    "g_lr": 0.0005012782978425225,
    "d_lr": 0.0004562579179241074,
    "optimizer": "RMSprop",
    "n_critic": 5,
    "weight_clip": -1,
    "lambda_gp": 5.992268067834547
}