{
    "latent_dim": 39,
    "num_layers_generator": 6,
    "num_neurons_generator": 227,
    "num_layers_discriminator": 3,
    "num_neurons_discriminator": 190,
    "dropout_discriminator": 0.3076040890784683,
    "batch_size": 64,
    "g_lr": 0.0001532826587958957,
    "d_lr": 0.0009585163834496933,
    "optimizer": "RMSprop",
    "n_critic": 3,
    "weight_clip": -1,
    "lambda_gp": 2.7560391660842685
}