{
    "latent_dim": 71,
    "num_layers_generator": 2,
    "num_neurons_generator": 72,
    "num_layers_discriminator": 3,
    "num_neurons_discriminator": 83,
    "dropout_discriminator": 0.2965971081251101,
    "batch_size": 64,
    "g_lr": 0.0008072692126635626,
    "d_lr": 0.0007076387003872196,
    "optimizer": "RMSprop",
    "n_critic": 3,
    "weight_clip": -1,
    "lambda_gp": 3.2398532463740546
}