{
    "latent_dim": 101,
    "num_layers_generator": 2,
    "num_neurons_generator": 154,
    "num_layers_discriminator": 2,
    "num_neurons_discriminator": 148,
    "dropout_discriminator": 0.3113460844737007,
    "batch_size": 64,
    "g_lr": 0.000405269406083628,
    "d_lr": 0.00028492772645832224,
    "optimizer": "RMSprop",
    "n_critic": 5,
    "weight_clip": -1,
    "lambda_gp": 2.093654084665789
}