{
    "latent_dim": 36,
    "num_layers_generator": 4,
    "num_neurons_generator": 62,
    "num_layers_discriminator": 6,
    "num_neurons_discriminator": 237,
    "dropout_discriminator": 0.2778638909293987,
    "batch_size": 64,
    "g_lr": 0.0005424152296664636,
    "d_lr": 0.0005656537114314801,
    "optimizer": "RMSprop",
    "n_critic": 5,
    "weight_clip": -1,
    "lambda_gp": 2.374233405099674
}