{
    "latent_dim": 101,
    "num_layers_generator": 2,
    "num_neurons_generator": 97,
    "num_layers_discriminator": 2,
    "num_neurons_discriminator": 481,
    "dropout_discriminator": 0.1638450500845603,
    "batch_size": 64,
    "g_lr": 0.0005996860939424316,
    "d_lr": 9.802362897279051e-05,
    "optimizer": "RMSprop",
    "n_critic": 5,
    "weight_clip": -1,
    "lambda_gp": 8.15783711570504
}