{
    "latent_dim": 115,
    "num_layers_generator": 4,
    "num_neurons_generator": 32,
    "num_layers_discriminator": 2,
    "num_neurons_discriminator": 491,
    "dropout_discriminator": 0.19831496887150707,
    "batch_size": 32,
    "g_lr": 0.0006541084263821074,
    "d_lr": 0.00026474589058822804,
    "optimizer": "RMSprop",
    "n_critic": 1,
    "weight_clip": -1,
    "lambda_gp": 3.1092117015548872
}