{
    "latent_dim": 83,
    "num_layers_generator": 4,
    "num_neurons_generator": 55,
    "num_layers_discriminator": 2,
    "num_neurons_discriminator": 506,
    "dropout_discriminator": 0.03766115429723384,
    "batch_size": 2,
    "g_lr": 0.0009477112806798906,
    "d_lr": 0.000328809785856459,
    "optimizer": "RMSprop",
    "n_critic": 5,
    "weight_clip": 0.011865938744155173,
    "lambda_gp": -1
}