{
    "latent_dim": 91,
    "num_layers_generator": 5,
    "num_neurons_generator": 94,
    "num_layers_discriminator": 2,
    "num_neurons_discriminator": 312,
    "dropout_discriminator": 0.3227669811900849,
    "batch_size": 8,
    "g_lr": 0.0005510698990563835,
    "d_lr": 0.0004015826342081718,
    "optimizer": "Adam",
    "n_critic": 5,
    "weight_clip": 0.0010010152311578798,
    "lambda_gp": -1
}