{
    "latent_dim": 106,
    "num_layers_generator": 3,
    "num_neurons_generator": 101,
    "num_layers_discriminator": 2,
    "num_neurons_discriminator": 318,
    "dropout_discriminator": 0.049661888969107615,
    "batch_size": 64,
    "g_lr": 0.0009557837825676334,
    "d_lr": 0.0003321991062198816,
    "optimizer": "RMSprop",
    "n_critic": 5,
    "weight_clip": 0.042530768161244153,
    "lambda_gp": -1
}