{
    "latent_dim": 91,
    "num_layers_generator": 2,
    "num_neurons_generator": 299,
    "num_layers_discriminator": 2,
    "num_neurons_discriminator": 203,
    "dropout_discriminator": 0.2342621002190069,
    "batch_size": 32,
    "g_lr": 0.0009218730350507074,
    "d_lr": 0.0007585869655000995,
    "optimizer": "RMSprop",
    "n_critic": 4,
    "weight_clip": 0.03633962233207654,
    "lambda_gp": -1
}