{
    "latent_dim": 92,
    "num_layers_generator": 6,
    "num_neurons_generator": 81,
    "num_layers_discriminator": 3,
    "num_neurons_discriminator": 203,
    "dropout_discriminator": 0.393436111187006,
    "batch_size": 64,
    "g_lr": 0.0006862377667080429,
    "d_lr": 0.0009197593708958685,
    "optimizer": "RMSprop",
    "n_critic": 3,
    "weight_clip": -1,
    "lambda_gp": 9.815653824903892
}