{
    "latent_dim": 40,
    "num_layers_generator": 4,
    "num_neurons_generator": 65,
    "num_layers_discriminator": 3,
    "num_neurons_discriminator": 210,
    "dropout_discriminator": 0.21433280029380639,
    "batch_size": 2,
    "g_lr": 0.000710826618447179,
    "d_lr": 0.0003409643863488198,
    "optimizer": "RMSprop",
    "n_critic": 5,
    "weight_clip": 0.016642684071565148,
    "lambda_gp": -1
}