{
    "latent_dim": 38,
    "num_layers_generator": 2,
    "num_neurons_generator": 151,
    "num_layers_discriminator": 2,
    "num_neurons_discriminator": 364,
    "dropout_discriminator": 0.2545009751993634,
    "batch_size": 64,
    "g_lr": 0.0006807388928015861,
    "d_lr": 0.00019122560079105026,
    "optimizer": "RMSprop",
    "n_critic": 5,
    "weight_clip": 0.0635647706002006,
    "lambda_gp": -1
}